Workbook

Sheet SEALING CERTIFICATE
A1: SEALING CERTIFICATE
A4: VESSEL: | B4: =+data!B7 -> 0 | F4: DATE: | G4: =+data!B8 -> 0
A6: LOCATION: | B6: =+data!B9 -> 0 | F6: CARGO: | G6: =+data!B10 -> 0
A9: This report is to certify that the hatch covers and hatchways were unsealed with numbered seals as
A10: follows.
A12: The seals of hatch covers were placed in Port/Std. Side positions.
A14: HOLD # 1 | F14: HOLD # 4
A15: FWD ESCAPE | C15: =+data!B11 -> 0 | F15: FWD ESCAPE | H15: =+data!B20 -> 0
A16: FWD/AFT HATCH | C16: =+data!B12 -> 0 | F16: FWD/AFT HATCH | H16: =+data!B21 -> 0
A17: AFT ESCAPE | C17: =+data!B13 -> 0 | F17: AFT ESCAPE | H17: =+data!B22 -> 0
A20: HOLD # 2 | F20: HOLD # 5
A21: FWD ESCAPE | C21: =+data!B14 -> 0 | F21: FWD ESCAPE | H21: =+data!B23 -> 0
A22: FWD/AFT HATCH | C22: =+data!B14 -> 0 | F22: FWD/AFT HATCH | H22: =+data!B24 -> 0
A23: AFT ESCAPE | C23: =+data!B16 -> 0 | F23: AFT ESCAPE | H23: =+data!B25 -> 0
A26: HOLD # 3 | F26: HOLD # 6
A27: FWD ESCAPE | C27: =+data!B17 -> 0 | F27: FWD ESCAPE | H27: =+data!B26 -> 0
A28: FWD/AFT HATCH | C28: =+data!B18 -> 0 | F28: FWD/AFT HATCH | H28: =+data!B27 -> 0
A29: AFT ESCAPE | C29: =+data!B19 -> 0 | F29: AFT ESCAPE | H29: =+data!B28 -> 0
A32: REMARKS:
A33: =+data!B29 -> 0
A35: WITNESSED BY: | G35: DATE: | H35: =+data!B31 -> 0
G37: TIME: | H37: =+data!B32 -> 0 | I37: Hours
B41: =+data!B30 -> 0
B42: CHIEF OFFICER
F46: SIGNED BY ATTENDANT SURVEYOR

Sheet data
A1: id
A2: report_no
A3: port
A4: country
A5: customer
A6: certificate_no
A7: vessel
A8: date
A9: location
A10: cargo
A11: hold_1_fwd_escape
A12: hold_1_fwd_aft_hatch
... A34: status
