Workbook

Sheet CERTIFICATE
G1: CERT Nº | H1: =+'Data from DB'!B3 -> 0
A3: Name of Ship: | C3: =+'Data from DB'!B4 -> 0 | F3: Port of Registry: | I3: =+'Data from DB'!B5 -> 0
A5: Gross Tonnage: | C5: =+'Data from DB'!B6 -> 0 | F5: Date: | I5: =+'Data from DB'!B7 -> 0
C7: =CONCATENATE('Data from DB'!B8,"CERTIFICATE") -> CERTIFICATE
A9: =CONCATENATE("At the request of ",'Data from DB'!B10,,", the undersigned MSL Marine Surveyor,") -> At the request of , the undersigned MSL Marine Surveyor,
A10: carried out a On hire Bunker Survey in the | D10: =+" M/V " & + C3 -> M/V 0
A12: ANTECEDENTS
A13: 1.1- | B13: =CONCATENATE("Vessel arrived to ",'Data from DB'!B446,"on"," ",'Data from DB'!B13,"at ",'Data from DB'!B470,":",'Data from DB'!B471," ","LT") -> Vessel arrived to on at : LT
A14: 1.2- | B14: =CONCATENATE("On ",'Data from DB'!B402,"at ",'Data from DB'!B454,":",'Data from DB'!B456," ","LT, the undersigned Marine Surveyor start the+'Data from DB'!B8 "," ","Survey") -> On at : LT, the undersigned Marine Surveyor start the+'Data from DB'!B8 Survey
B15: =CONCATENATE("Survey untill on ",'Data from DB'!B403,"at ",'Data from DB'!B455,":",'Data from DB'!B457," ","LT.") -> Survey untill on at : LT.
A16: INSPECTION
A17: 2.1- | B17: The Bunker Survey was carried out in joint with the Chief Engineer, and Third
B18: Engineer at with attached form results.
B19: The Vessel Inspection was carried out in joint with the Chief Officer with 'attached form results.
B20: attached form results.
A21: REMARK
A22: 3.1- | B22: =+'Data from DB'!B24 -> 0
A24: DELIVERY POINT
A26: 4.1 | B26: =CONCATENATE("DLOSP at ",'Data from DB'!B16," ","on "," ",'Data from DB'!B15,"at "," ",'Data from DB'!B458,":",'Data from DB'!B459," ","LT") -> DLOSP at on at : LT | I26: =+'Data from DB'!B8 -> 0 | N26: ,
A28: BUNKER FIGURES | D28: IFO: | E28: VLSFO: | F28: =CALCULATIONS!$J$22 -> #REF! | G28: MT | H28: LSMGO: | J28: =CALCULATIONS!$J$32 -> 0 | K28: MT
A29: =+'Data from DB'!B406 -> 0 | C29: =+'Data from DB'!B407 -> 0 | E29: VLSFO | F29: =+'Data from DB'!B408 -> 0 | G29: MT | H29: LSMGO: | I29: =+'Data from DB'!B409 -> 0 | J29: 0 | K29: MT
A30: =+'Data from DB'!B410 -> 0 | C30: =+'Data from DB'!B411 -> 0 | E30: VLSFO | F30: =+'Data from DB'!B412 -> 0 | G30: MT | H30: LSMGO: | I30: =+'Data from DB'!B413 -> 0 | K30: MT
A31: =+'Data from DB'!B414 -> 0 | C31: =+'Data from DB'!B415 -> 0 | E31: VLSFO | F31: =+'Data from DB'!B416 -> 0 | G31: MT | H31: LSMGO: | I31: =+'Data from DB'!B417 -> 0 | K31: MT
A32: =+'Data from DB'!B418 -> 0 | C32: =+'Data from DB'!B419 -> 0 | E32: VLSFO | F32: =+'Data from DB'!B420 -> 0 | G32: MT | H32: LSMGO: | I32: =+'Data from DB'!B421 -> 0
A33: DLOSP | B33: 45956 | C33: 0.14583333 | D33: TOTAL | E33: VLSFO | F33: =F28+F30+F31 -> #REF! | G33: MT | H33: LSMGO: | J33: =J28+J30+J31 -> 0 | K33: MT
A35: =CONCATENATE(" Vessel was delivery from Owners ","(",'Data from DB'!B473,")"," ","to charterers "," ","(",'Data from DB'!B474,")"," ") -> Vessel was delivery from Owners () to charterers ()
B37: VESSEL DELIVERED IN LIKE GOOD ORDER AND CONDITION
B38: NORMAL WEAR AND TEAR EXCEPTED WITHOUT DAMAGE
A40: Pabel Peña
A41: MSL / Surveyor | H41: =+" Master " & + C3 -> Master 0
B42: 'This certificate is issued without prejudice, stating my findings only to the best of my knowledge
B43: and ability but without any responsibility in our part; as does not relieves the parts of their contractual obligations.

Sheet CALCULATIONS
I1: CERT Nº | J1: =+'Data from DB'!B3 -> 0
C6: DRAFT: | D6: FWD = | E6: =+'Data from DB'!B26 -> 0 | F6: AFT = | G6: =+'Data from DB'!B27 -> 0 | I6: ="TRIM=" & G6-E6 -> TRIM=0 | J6: LIST =0
L7: SOUNDING | N7: TRIM | P7: =N10/P9 -> 0.0029
A8: FUEL OIL | M8: 1 | N8: 1.45 | O8: 1.5 | P8: CORRECCION SONDA M.M
B9: TANKS | D9: DIST. | E9: GUAGES | F9: VOLUME | G9: TEMP | I9: EXPECIFIC GRAV | J9: WEIGHT | L9: 0.3 | M9: 2.6 | O9: 2.6 | P9: 1000
B10: NUMBER | D10: MTRS | E10: MTRS | F10: M3 | G10: °C | H10: °F | I10: DENSITY AT 15°C | J10: MT | L10: 0.33 | M10: =((M9-M11)/(L9-L11))*(L10-L11)+M11 -> 2.9 | N10: =M10-(M10-O10)/(O8-M8)*(N8-M8) -> 2.9 | O10: =((O9-O11)/(L9-L11))*(L10-L11)+O11 -> 2.9 | P10: =L10+P7 -> 0.3329 | Q10: +
A11: =+'Data from DB'!B81 -> 0 | D11: =+'Data from DB'!B82 -> 0 | E11: =+'Data from DB'!B83 -> 0 | F11: =+'Data from DB'!B84 -> 0 | G11: =+'Data from DB'!B85 -> 0 | H11: =+'Data from DB'!B86 -> 0 | I11: =+'Data from DB'!B87 -> 0 | J11: =+'Data from DB'!B88 -> 0 | L11: 0.35 | M11: 3.1 | O11: 3.1 | P11: =L10-P7 -> 0.3271 | Q11: -
A12: =+'Data from DB'!B89 -> 0 | D12: =+'Data from DB'!B90 -> 0 | E12: =+'Data from DB'!B91 -> 0 | F12: =+'Data from DB'!B92 -> 0 | G12: =+'Data from DB'!B93 -> 0 | H12: =+'Data from DB'!B94 -> 0 | I12: =+'Data from DB'!B95 -> 0 | J12: =+'Data from DB'!B96 -> 0
A13: =+'Data from DB'!B97 -> 0 | D13: =+'Data from DB'!B98 -> 0 | E13: =+'Data from DB'!B99 -> 0 | F13: =+'Data from DB'!B100 -> 0 | G13: =+'Data from DB'!B101 -> 0 | H13: =+'Data from DB'!B102 -> 0 | I13: =+'Data from DB'!B103 -> 0 | J13: =+'Data from DB'!B104 -> 0 | L13: SOUNDING | N13: HEEL | P13: =N16/P15 -> 0.0586142
A14: =+'Data from DB'!B105 -> 0 | D14: =+'Data from DB'!B106 -> 0 | E14: =+'Data from DB'!B107 -> 0 | F14: =+'Data from DB'!B108 -> 0 | G14: =+'Data from DB'!B109 -> 0 | H14: =+'Data from DB'!B110 -> 0 | I14: =+'Data from DB'!B111 -> 0 | J14: =+'Data from DB'!B112 -> 0 | M14: 2 | N14: =N8 -> 1.45 | O14: 3 | P14: CORRECCION SONDA M.M
A15: =+'Data from DB'!B113 -> 0 | D15: =+'Data from DB'!#REF! -> #REF! | E15: =+'Data from DB'!#REF! -> #REF! | F15: =+'Data from DB'!#REF! -> #REF! | G15: =+'Data from DB'!#REF! -> #REF! | H15: =+'Data from DB'!#REF! -> #REF! | I15: =+'Data from DB'!#REF! -> #REF! | J15: =+'Data from DB'!#REF! -> #REF! | L15: 0.7 | M15: 5.26 | O15: 5.166 | P15: 100
A16: =+'Data from DB'!B121 -> 0 | D16: =+'Data from DB'!B122 -> 0 | E16: =+'Data from DB'!B123 -> 0 | F16: =+'Data from DB'!B124 -> 0 | G16: =+'Data from DB'!B125 -> 0 | H16: =+'Data from DB'!B126 -> 0 | I16: =+'Data from DB'!B127 -> 0 | J16: =+'Data from DB'!B128 -> 0 | L16: 0.76 | M16: =((M15-M17)/(L15-L17))*(L16-L17)+M17 -> 5.8084 | N16: =M16-(M16-O16)/(O14-M14)*(N14-M14) -> 5.86142 | O16: =((O15-O17)/(L15-L17))*(L16-L17)+O17 -> 5.712 | P16: =L16+P13 -> 0.8186142 | Q16: +
A17: =+'Data from DB'!B129 -> 0 | D17: =+'Data from DB'!B130 -> 0 | E17: =+'Data from DB'!B131 -> 0 | F17: =+'Data from DB'!B132 -> 0 | G17: =+'Data from DB'!B133 -> 0 | H17: =+'Data from DB'!B134 -> 0 | I17: =+'Data from DB'!B135 -> 0 | J17: =+'Data from DB'!B136 -> 0 | L17: 0.8 | M17: 6.174 | O17: 6.076 | P17: =L16-P13 -> 0.7013858 | Q17: -
A18: =+'Data from DB'!B137 -> 0 | D18: =+'Data from DB'!B138 -> 0 | E18: =+'Data from DB'!B139 -> 0 | F18: =+'Data from DB'!B140 -> 0 | G18: =+'Data from DB'!B141 -> 0 | H18: =+'Data from DB'!B142 -> 0 | I18: =+'Data from DB'!B143 -> 0 | J18: =+'Data from DB'!B144 -> 0
A19: =+'Data from DB'!B145 -> 0 | D19: =+'Data from DB'!B146 -> 0 | E19: =+'Data from DB'!B147 -> 0 | F19: =+'Data from DB'!B148 -> 0 | G19: =+'Data from DB'!B149 -> 0 | H19: =+'Data from DB'!B150 -> 0 | I19: =+'Data from DB'!B151 -> 0 | J19: =+'Data from DB'!B152 -> 0 | L19: SOUNDING | N19: CM3
A20: =+'Data from DB'!B153 -> 0 | D20: =+'Data from DB'!B154 -> 0 | E20: =+'Data from DB'!B155 -> 0 | F20: =+'Data from DB'!B156 -> 0 | G20: =+'Data from DB'!B157 -> 0 | H20: =+'Data from DB'!B158 -> 0 | I20: =+'Data from DB'!B159 -> 0 | J20: =+'Data from DB'!B160 -> 0 | M20: 0 | N20: 1 | O20: 1
A21: =+'Data from DB'!B161 -> 0 | D21: =+'Data from DB'!B162 -> 0 | E21: =+'Data from DB'!B163 -> 0 | F21: =+'Data from DB'!B164 -> 0 | G21: =+'Data from DB'!B165 -> 0 | H21: =+'Data from DB'!B166 -> 0 | I21: =+'Data from DB'!B167 -> 0 | J21: =+'Data from DB'!B168 -> 0 | L21: 3.815 | M21: 25.4 | O21: =M21 -> 25.4
A22: VLSFO= | C22: =+J22&" MT " -> #REF! | I22: TOTAL | J22: =SUM(J11:J21) -> #REF! | L22: 3.82256 | M22: 3.35 | N22: =M22-(M22-O22)/(O20-M20)*(N20-M20) -> 25.022 | O22: =((O21-O23)/(L21-L23))*(L22-L23)+O23 -> 25.022
L23: 3.825 | M23: 24.9 | O23: =M23 -> 24.9
L25: SOUNDING | N25: TRIM | P25: =N28/P27 -> 0.021454865
A26: DIESEL MGO OIL CALCULATION | M26: =M8 -> 1 | N26: =N8 -> 1.45 | O26: =O8 -> 1.5 | P26: CORRECCION SONDA M.M
B27: TANKS | D27: DIST. | E27: GAUGES | F27: VOLUME | G27: TEMP | I27: EXPECIFIC GRAV | J27: WEIGHT | L27: 1.3 | M27: 20.306 | O27: 19.54 | P27: 1000
B28: NUMBER | D28: MTRS | E28: MTRS | F28: M3 | G28: °C | H28: °F | I28: DENSITY AT 15°C | J28: MT | L28: 1.365 | M28: =((M27-M29)/(L27-L29))*(L28-L29)+M29 -> 22.14485 | N28: =M28-(M28-O28)/(O26-M26)*(N26-M26) -> 21.454865 | O28: =((O27-O29)/(L27-L29))*(L28-L29)+O29 -> 21.3782 | P28: =L28+P25 -> 1.3864549 | Q28: +
A29: =+'Data from DB'!B241 -> 0 | D29: =+'Data from DB'!B242 -> 0 | E29: =+'Data from DB'!B243 -> 0 | F29: =+'Data from DB'!B244 -> 0 | G29: =+'Data from DB'!B245 -> 0 | H29: =+'Data from DB'!B246 -> 0 | I29: =+'Data from DB'!B247 -> 0 | J29: =+'Data from DB'!B248 -> 0 | L29: 1.4 | M29: 23.135 | O29: 22.368 | P29: =L28-P25 -> 1.3435451 | Q29: -
A30: =+'Data from DB'!B249 -> 0 | D30: =+'Data from DB'!B250 -> 0 | E30: =+'Data from DB'!B251 -> 0 | F30: =+'Data from DB'!B252 -> 0 | G30: =+'Data from DB'!B253 -> 0 | H30: =+'Data from DB'!B254 -> 0 | I30: =+'Data from DB'!B255 -> 0 | J30: =+'Data from DB'!B256 -> 0
A31: =+'Data from DB'!B257 -> 0 | D31: =+'Data from DB'!B258 -> 0 | E31: =+'Data from DB'!B259 -> 0 | F31: =+'Data from DB'!B260 -> 0 | G31: =+'Data from DB'!B261 -> 0 | H31: =+'Data from DB'!B262 -> 0 | I31: =+'Data from DB'!B263 -> 0 | J31: =+'Data from DB'!B264 -> 0 | L31: SOUNDING | N31: HEEL | P31: =N34/P33 -> 0.1915
A32: LSMGO = | C32: =+J32 &" MT " -> 0 MT | H32: TOTAL | J32: =SUM(J29:J31) -> 0 | M32: 1 | N32: =N14 -> 1.45 | O32: 1.5 | P32: CORRECCION SONDA M.M
L33: 6.3 | M33: 191.5 | O33: 191.1 | P33: 1000
A34: TOTAL IFO + MDO + MGO | E34: =J22+J32 -> #REF! | F34: MT | L34: 6.31 | M34: =((M33-M35)/(L33-L35))*(L34-L35)+M35 -> 191.86 | N34: =M34-(M34-O34)/(O32-M32)*(N32-M32) -> 191.5 | O34: =((O33-O35)/(L33-L35))*(L34-L35)+O35 -> 191.46 | P34: =L34+P31 -> 6.5015 | Q34: +
L35: 6.35 | M35: 193.3 | O35: 192.9 | P35: =L34-P31 -> 6.1185 | Q35: -
L37: SOUNDING | N37: CM3
M38: 0 | N38: 1 | O38: 1
L39: 1.89 | M39: 25.6 | O39: =M39 -> 25.6
L40: =P34 -> 6.5015 | M40: =((M39-M41)/(L39-L41))*(L40-L41)+M41 -> 71.715 | N40: =M40-(M40-O40)/(O38-M38)*(N38-M38) -> 71.715 | O40: =((O39-O41)/(L39-L41))*(L40-L41)+O41 -> 71.715
L41: 1.9 | M41: 25.7 | O41: =M41 -> 25.7
A42: =CERTIFICATE!A40 -> Pabel Peña | E42: =+'Data from DB'!B472 -> 0 | I42: =CERTIFICATE!H40 -> 0
A43: MSL / Surveyor | E43: =+" C. Engineer " & + CERTIFICATE!C3 -> C. Engineer 0 | I43: =+" Master " & + CERTIFICATE!C3 -> Master 0

Sheet LOG BOOK FIGURES
H1: CERT Nº | I1: =+'Data from DB'!B3 -> 0
A7: LOG BOOK FIGURES:
A8: EVENTS | D8: DATE | E8: TIME | F8: REMARK | G8: VLSFO | H8: HFSO | I8: MDO | J8: LSMGO
A10: E.O.S.P | D10: =+'Data from DB'!B447 -> 0 | E10: =CONCATENATE('Data from DB'!B464,":",'Data from DB'!B465) -> : | F10: LOG BOOK | G10: =+'Data from DB'!B46 -> 0 | H10: =+'Data from DB'!B47 -> 0 | I10: =+'Data from DB'!B48 -> 0 | J10: =+'Data from DB'!B49 -> 0
A12: P.O.B | D12: =+'Data from DB'!B448 -> 0 | E12: =CONCATENATE('Data from DB'!B468,":",'Data from DB'!B469) -> : | F12: LOG BOOK | G12: =+'Data from DB'!C50 -> 0 | H12: =+'Data from DB'!B51 -> 0 | I12: =+'Data from DB'!B52 -> 0 | J12: =+'Data from DB'!C53 -> 0
A14: F.W.E | D14: =+'Data from DB'!B449 -> 0 | E14: =CONCATENATE('Data from DB'!B466,":",'Data from DB'!B467) -> : | F14: LOG BOOK | G14: =+'Data from DB'!B54 -> 0 | H14: =+'Data from DB'!B55 -> 0 | I14: =+'Data from DB'!B56 -> 0 | J14: =+'Data from DB'!B57 -> 0
A16: BUNKER ON LOG BOOK FIGURES | D16: =+'Data from DB'!B450 -> 0 | E16: =CONCATENATE('Data from DB'!B462,":",'Data from DB'!B461) -> : | F16: LOG BOOK | G16: =+'Data from DB'!B58 -> 0 | H16: =+'Data from DB'!B59 -> 0 | I16: =+'Data from DB'!B60 -> 0 | J16: =+'Data from DB'!B61 -> 0
A18: LOG BOOK FIGURES AT THE TIME OF SURVEY | D18: =+'Data from DB'!B451 -> 0 | E18: =CONCATENATE('Data from DB'!B460,":",'Data from DB'!B461) -> : | F18: SOUNDING | G18: =+'Data from DB'!B475 -> 0 | H18: =+'Data from DB'!B476 -> 0 | I18: =+'Data from DB'!B477 -> 0 | J18: =+'Data from DB'!B478 -> 0
A22: CONSUMPTION ( MT / DAY):
A23: Comsuption per day declarated:
A24: EVENTS | D24: CONDITION | F24: VLSFO | G24: HFSO | H24: MDO | I24: LSMGO
A26: AT SEA | D26: LOADED | F26: =+'Data from DB'!B62 -> 0 | G26: =+'Data from DB'!B63 -> 0 | H26: =+'Data from DB'!B64 -> 0 | I26: =+'Data from DB'!B65 -> 0
D27: BALLATS | F27: =+'Data from DB'!B66 -> 0 | G27: =+'Data from DB'!B67 -> 0 | H27: =+'Data from DB'!B68 -> 0 | I27: =+'Data from DB'!B69 -> 0
A29: AT PORT | D29: SHIP GEAR IN USE | F29: =+'Data from DB'!B70 -> 0 | G29: =+'Data from DB'!B71 -> 0 | H29: =+'Data from DB'!B72 -> 0 | I29: =+'Data from DB'!B73 -> 0
D30: SHORE GEAR IN USE | F30: =+'Data from DB'!B74 -> 0 | G30: =+'Data from DB'!B75 -> 0 | H30: =+'Data from DB'!B76 -> 0 | I30: =+'Data from DB'!B77 -> 0
A36: Pabel Peña | D36: =+'Data from DB'!B472 -> 0 | H36: =+'Data from DB'!B453 -> 0
H37: =CALCULATIONS!I42 -> 0
A38: MSL / Surveyor | D38: =+" C Enginner " & + CERTIFICATE!C3 -> C Enginner 0 | H38: =+" Master " & + CERTIFICATE!C3 -> Master 0

Sheet Data from DB
A1: Column Name from DB | B1: Info from DB
A2: id
A3: bunker_cert_no
A4: ship_name
A5: port_of_registry
A6: gross_tonnage
A7: report_date
A8: certificate
A9: report_category
A10: client
A11: port
A12: country
A13: berthing_date
... A478: log_bunker_lsmgo

Sheet COMSUPTION
C2: IFO ANCHORAGE
C3: COMS X D | D3: CONSUMO D / A | E3: CONSUMO HRS | F3: COMS TOTAL | J3: COMSU X HRS
C4: 2.7 | D4: 4 | E4: 16 | F4: =(C4*D4)+(J4*E4) -> 12.6 | H4: =C10-C20 -> 10.68 | J4: =C4/24 -> 0.1125
C5: D.O BERTHING
C6: CONSUM X D | D6: CONSUMO D / A | E6: CONSUMO HRS | F6: COMS TOTAL | J6: COMSU X HRS
C7: 0 | D7: 0 | E7: 0 | F7: =(C7*D7)+(J7*E7) -> 0 | H7: =D10-D20 -> 0 | J7: =C7/24 -> 0
C9: R.O.B IFO | D9: R.O.B D.O | E9: CONSUMO ANCHORAGE | F9: COMS AT PORT
C10: 540.89 | D10: 123.96 | E10: =C10-C20 -> 10.68 | F10: =D10-D20 -> 0
C12: IFO BERTHING
C13: COMS X D | D13: CONSUMO D / A | E13: CONSUMO HRS | F13: COMS TOTAL | J13: COMSU X HRS
C14: 5.4 | D14: 5 | E14: 0 | F14: =(C14*D14)+(J14*E14) -> 27 | J14: =C14/24 -> 0.225
C15: D.O BERTHING
C16: CONSUM X D | D16: CONSUMO D / A | E16: CONSUMO HRS | F16: COMS TOTAL | J16: COMSU X HRS
C17: 0 | D17: 0 | E17: 0 | F17: =(C17*D17)+(J17*E17) -> 0 | J17: =C17/24 -> 0
C19: R.O.B IFO | D19: R.O.B D.O | E19: CONSUMO ANCHORAGE | F19: COMS AT PORT
C20: 530.21 | D20: =D10 -> 123.96 | E20: =F14 -> 27 | F20: =F17 -> 0
C22: BUNKER FIG
C23: BUNKER IFO | D23: R.O.B IFO | E23: DIFFERENCE | G23: DIFFEREN | J23: R.O.B BUNKER FIGURES IFO
C24: 391.17 | D24: =C20 -> 530.21 | E24: =D24-C24 -> 139.04 | G24: =J24-E24 -> -126.44 | J24: =F4 -> 12.6
C25: D.O BERTHING
C26: BUNKER D.O | D26: R.O.B D.O | E26: DIFFERENCE | G26: DIFFEREN | J26: BERT BUNKER FIGURES D.O
C27: 159.9 | D27: =D20 -> 123.96 | E27: =D27-C27 -> -35.94 | G27: =C27-D27 -> 35.94 | J27: =F7 -> 0
F28: =F4+F7 -> 12.6

Sheet LOG BOOK & COMSUPTION
J2: ANCHORAGE | K2: COMS X DAY | L2: DAYS | M2: HRS | N2: TOTAL COMS
C4: LOGBOOK AND CONSUMPTION | J4: IFO PER DAY | K4: 2.6 | L4: 4 | M4: 6 | N4: =+(K4*L4+Q4) -> 11.05 | P4: =K4/24 -> 0.10833333 | Q4: =P4*M4 -> 0.65
J5: D.O ÉR DAY | K5: 0.1 | L5: 3 | M5: 8 | N5: =+(K5*L5+Q5) -> 0.33333333 | P5: =K5/24 -> 0.0041666667 | Q5: =P5*M5 -> 0.033333333
A6: AT TIME OF DELIVERY: | E6: START OF SEA PASSAGE:
A7: DATE / TIME: | B7: 43266.001 | E7: DATE / TIME: | F7: 43268.342 | J7: BERTHING
A8: HSFO: | B8: 494.119 | C8: MT | E8: HSFO: | F8: 564.119 | G8: MT | J8: IFO PER DAY | K8: 4.2 | L8: 4 | M8: 4 | N8: =+(K8*L8+Q8) -> 17.5 | P8: =K8/24 -> 0.175 | Q8: =P8*M8 -> 0.7
A9: LSFO: | B9: 0 | C9: MT | E9: LSFO: | F9: 0 | G9: MT | J9: D.O ÉR DAY | K9: 0.1 | L9: 4 | M9: 4 | N9: =+(K9*L9+Q9) -> 0.41666667 | P9: =K9/24 -> 0.0041666667 | Q9: =P9*M9 -> 0.016666667
A10: MDO: | B10: 0 | C10: MT | E10: MDO: | F10: 0 | G10: MT
A11: LSMGO: | B11: 130.856 | C11: MT | E11: LSMGO: | F11: 205.956 | G11: MT | J11: ROB | K11: VESEEL IFO | L11: VESEEL D.O
J12: NORD | K12: 416.6 | L12: 108
A13: END OF SEA PASSAGE (EOSP): | E13: ROB AT THE TIME OF BUNKER SURVEY: | J13: ANCHORAGE | K13: =K12-N4 -> 405.55 | L13: =L12-N5 -> 107.66667
A14: DATE / TIME: | B14: June 20, 2018 10:18 LT | E14: DATE / TIME: | F14: June 23, 2018 at 19:00 | J14: BERTHING | K14: =K13-N8 -> 388.05 | L14: =L13-N9 -> 107.25
A15: HSFO: | B15: 516.5 | C15: MT | E15: HSFO: | G15: MT
A16: LSFO: | B16: 0 | C16: MT | E16: LSFO: | F16: 0 | G16: MT | J16: ROB | K16: SURVEY IFO | L16: SURVEY D.O
A17: MDO: | B17: 0 | C17: MT | E17: MDO: | F17: 0 | G17: MT | J17: NORD | K17: =K12 -> 416.6 | L17: =L12 -> 108
A18: LSMGO: | B18: 175.43 | C18: MT | E18: LSMGO: | G18: MT | J18: ANCHORAGE | K18: =K12-N4 -> 405.55 | L18: =L12-N5 -> 107.66667
J19: BERTHING | K19: =K12-N4-N8 -> 388.05 | L19: =L12-N5-N9 -> 107.25
A20: REMARKS:
A21: TOTAL MANOEUVRE(S) CONSUMPTION: | E21: =N8 -> 17.5 | F21: MT IFO | G21: =N9 -> 0.41666667 | H21: MT MDO | J21: ROB VESSEL | K21: 390.2 | L21: 107.3
A22: TOTAL OF MANOEUVRES : | E22: 0.5
J23: ROB SURVEY MANUL | K23: =K19 -> 388.05 | L23: =L19 -> 107.25
A24: TOTAL SUPPLIED ON BOARD AFTER DELIVERY AND BEFORE ON-HIRE BUNKER SURVEY: | E24: HSFO: | F24: LSFO: | G24: MDO: | H24: LSMGO:
E25: 70 | H25: 75.1 | J25: ROB SURVEY CAL | K25: =B39 -> 438.65 | L25: =E39 -> 92.13
A27: CHARTER PARTY CONSUMPTION (PER 24 HOURS): | K27: =K23-K25 -> -50.6
D29: HSFO: | E29: LSFO: | F29: MDO: | G29: LSGO: | H29: SPEED (KN):
A30: IN PORT (IDLE): | D30: 0.75 | E30: - | F30: - | G30: 1.5
A31: IN PORT (W/G - BALL. / DEBALL.): | D31: 0.75 | E31: - | F31: - | G31: 3
A32: AT SEA (NORMAL SPEED): LADEN | D32: 25 | E32: - | F32: - | G32: 1.5 | H32: 14.5
A33: AT SEA (ECO. SPEED): LADEN | D33: 18 | E33: - | F33: - | G33: 1.5 | H33: 12.5
A34: AT SEA (AGREED SPEED / CONS): | D34: 18 | E34: - | F34: - | G34: 1.5 | H34: 12.5
C36: SURVEY RESULTS
B38: HSFO | C38: LSFO | D38: MDO | E38: LSMGO
A39: Survey | B39: 438.65 | C39: 0 | D39: 0 | E39: 92.13
A40: Log Book | B40: 513.67 | C40: =SUM(F16) -> 0 | D40: =SUM(F17) -> 0 | E40: 168.6
A41: Difference | B41: =SUM(B39-B40) -> -75.02 | C41: =SUM(C39-C40) -> 0 | D41: =SUM(D39-D40) -> 0 | E41: =SUM(E39-E40) -> -76.47
F43: 0
B44: DATE: | C44: June 23, 2018 at 19:00 LT. | F44: Mr. Jesus Jose Asanza Matocdo
